FrogID,AlternativeCD,AlternativeCR,AlternativeDF,AlternativeRA,AlternativePR,Standard1,Standard2,Standard3,Alternative1,Alternative2,Alternative3,TwoChoiceLatency,TwoChoice,ChoiceBinary,StandardAverage,AlternativeAverage,PhonotaxisScore,ScorePreference,Mismatch,SpeakerPosition,FirstPresented
13196,28,12,2315,-10,46,47,46,42,28,48,43,134,Standard,0,45,40,0.058823529,1,1,left,Alternative
13197,27,15,2304,-8,49,69,44,36,33,27,37,47,Alternative,1,50,32,0.219512195,1,0,left,Alternative
13198,31,13,2646,-12,43,139,102,85,227,111,126,273,Alternative,1,109,155,-0.174242424,0,1,left,Alternative
13206,33,15,2281,-7,50,112,112,117,101,81,61,281,Standard,0,114,81,0.169230769,1,1,left,Standard
13207,26,11,2789,-8,57,101,101,80,126,60,76,110,Alternative,1,94,87,0.038674033,1,0,left,Standard
13208,31,6,2719,-6,51,90,68,73,143,103,113,107,Standard,0,77,120,-0.218274112,0,0,left,Standard
13211,33,15,2233,-12,46,79,41,46,50,36,29,187,Alternative,1,55,38,0.182795699,1,0,left,Alternative
13275,28,12,2667,-16,55,262,237,166,123,122,188,113,Alternative,1,222,144,0.213114754,1,0,left,Standard
13276,29,14,2527,-12,56,123,106,95,76,80,84,70,Alternative,1,108,80,0.14893617,1,0,right,Standard
13277,34,12,2574,-10,45,47,62,63,53,48,57,63,Standard,0,57,53,0.036363636,1,1,right,Standard
13273,27,9,2360,-12,47,95,117,84,121,152,139,117,Standard,0,99,137,-0.161016949,0,0,right,Alternative
13274,29,8,2380,-12,50,56,52,41,85,45,63,91,Standard,0,50,64,-0.122807018,0,0,right,Alternative
13266,25,10,2535,-6,57,41,51,57,63,49,45,150,Standard,0,50,52,-0.019607843,0,0,right,Standard
13298,33,7,2482,-15,57,57,41,30,59,63,67,30,Standard,0,43,63,-0.188679245,0,0,right,Alternative
13310,24,11,2485,-12,52,144,128,166,125,55,218,276,Standard,0,146,133,0.046594982,1,1,right,Alternative
13309,30,10,2302,-10,46,68,41,52,109,62,45,172,Standard,0,54,72,-0.142857143,0,0,right,Alternative
13312,23,13,2370,-12,51,62,68,84,60,55,60,83,Alternative,1,71,58,0.100775194,1,0,right,Alternative
13313,34,14,2316,-8,59,52,89,63,58,58,63,72,Alternative,1,68,60,0.0625,1,0,right,Alternative
13311,28,7,2506,-14,44,101,80,106,184,161,219,178,Standard,0,96,188,-0.323943662,0,0,right,Alternative
13333,27,16,2230,-15,44,69,80,57,82,49,66,128,Standard,0,69,66,0.022222222,1,1,right,Standard
13334,30,14,2432,-12,42,134,112,102,79,97,76,127,Standard,0,116,84,0.16,1,1,right,Standard
13336,27,7,2481,-18,54,167,118,123,161,118,144,258,Standard,0,136,141,-0.018050542,0,0,right,Standard
13364,26,8,2737,-14,46,51,52,62,55,105,175,52,Standard,0,55,112,-0.341317365,0,0,left,Standard
13362,33,10,2612,-11,48,73,84,136,116,91,75,166,Standard,0,98,94,0.020833333,1,1,left,Standard
13374,33,8,2382,-13,51,89,106,90,122,123,125,205,Standard,0,95,123,-0.128440367,0,0,left,Standard
13383,33,13,2774,-7,47,55,78,63,148,171,136,65,Alternative,1,65,152,-0.400921659,0,1,left,Alternative
13376,34,13,2415,-6,48,74,77,83,75,87,79,88,Alternative,1,78,80,-0.012658228,0,1,left,Standard
13456,27,10,2447,-13,51,69,70,95,86,129,93,91,Standard,0,78,103,-0.138121547,0,0,right,Alternative
13461,32,13,2241,-8,47,117,73,111,69,79,65,120,Alternative,1,100,71,0.169590643,1,0,right,Alternative
13462,26,11,2595,-5,47,244,242,85,180,187,213,138,Standard,0,190,193,-0.007832898,0,0,right,Standard
13463,32,8,2537,-12,49,208,102,124,145,133,109,169,Standard,0,145,129,0.058394161,1,1,right,Standard
13464,34,12,2718,-13,49,95,42,45,38,62,58,103,Alternative,1,61,53,0.070175439,1,0,right,Standard
13465,24,16,2413,-14,55,62,46,57,97,83,47,168,Alternative,1,55,76,-0.160305344,0,1,right,Alternative
13466,31,15,2526,-10,49,148,134,112,156,109,85,148,Alternative,1,131,117,0.056451613,1,0,right,Alternative
13467,29,8,2450,-21,44,96,57,67,85,94,258,71,Standard,0,73,146,-0.333333333,0,0,right,Alternative
13469,27,12,2727,-13,49,28,36,39,32,38,53,58,Standard,0,34,41,-0.093333333,0,0,right,Standard
13470,29,13,2583,-7,57,101,52,95,74,60,74,90,Alternative,1,83,69,0.092105263,1,0,right,Standard
13472,34,14,2557,-11,49,58,68,62,50,50,63,76,Alternative,1,63,54,0.076923077,1,0,right,Standard
13473,28,6,2229,-16,48,73,63,62,80,63,72,90,Standard,0,66,72,-0.043478261,0,0,right,Standard
13475,33,13,2436,-9,47,173,69,38,130,54,172,107,Alternative,1,93,119,-0.122641509,0,1,right,Standard
13476,24,9,2440,-11,48,84,90,87,93,106,93,126,Standard,0,87,97,-0.054347826,0,0,right,Standard
13477,29,11,2262,-7,50,51,62,50,60,59,47,101,Standard,0,54,55,-0.009174312,0,0,left,Alternative
13478,23,13,2449,-8,54,95,95,104,120,79,84,132,Standard,0,98,94,0.020833333,1,1,left,Alternative
13480,32,11,2789,-15,48,52,57,69,60,66,66,46,Standard,0,59,64,-0.040650407,0,0,left,Standard
13481,32,14,2439,-13,51,74,107,82,79,110,84,102,Alternative,1,88,91,-0.016759777,0,1,left,Alternative
13482,33,17,2536,-12,44,47,52,69,49,51,48,44,Alternative,1,56,49,0.066666667,1,0,left,Alternative
13483,26,9,2452,-11,53,68,60,41,87,48,66,48,Standard,0,56,67,-0.089430894,0,0,left,Standard
13485,25,13,2713,-9,50,58,52,52,42,46,38,101,Standard,0,54,42,0.125,1,1,left,Standard
13486,32,12,2262,-12,47,47,40,47,48,48,33,76,Standard,0,45,43,0.022727273,1,1,left,Alternative
13487,21,9,2388,-14,51,51,52,41,40,66,73,52,Standard,0,48,60,-0.111111111,0,0,left,Alternative
13488,37,13,2529,-6,53,96,99,79,98,70,97,61,Alternative,1,91,88,0.016759777,1,0,left,Alternative
13489,33,9,2528,-18,52,63,41,24,40,53,26,58,Alternative,1,43,40,0.036144578,1,0,left,Standard
13490,33,9,2781,-14,46,102,129,52,120,129,52,112,Standard,0,94,100,-0.030927835,0,0,left,Standard
13491,36,14,2328,-7,44,80,57,62,47,50,51,101,Alternative,1,66,49,0.147826087,1,0,right,Standard
13492,24,15,2498,-15,50,62,52,56,33,48,45,89,Alternative,1,57,42,0.151515152,1,0,right,Alternative
13493,32,12,2500,-17,47,46,57,98,58,37,50,172,Alternative,1,67,48,0.165217391,1,0,left,Alternative
13497,34,13,2802,-10,47,87,82,83,87,82,83,84,Alternative,1,84,84,0,NA,NA,left,Alternative
14001,31,10,2549,-15,53,100,59,62,35,50,44,73,Standard,0,74,43,0.264957265,1,1,left,Standard
14002,25,7,2386,-13,47,111,101,111,127,151,161,123,Standard,0,108,146,-0.149606299,0,0,left,Standard
14004,36,14,2169,-10,47,96,79,68,70,50,50,171,Alternative,1,81,57,0.173913043,1,0,left,Standard
14005,24,15,2818,-12,46,177,156,145,149,80,117,112,Standard,0,159,115,0.160583942,1,1,left,Standard
14006,31,8,2402,-10,48,150,131,134,162,222,168,188,Standard,0,138,184,-0.142857143,0,0,left,Standard
14007,28,11,2282,-7,52,172,107,116,113,224,120,166,Standard,0,132,152,-0.070422535,0,0,left,Standard
14008,27,11,2436,-12,50,133,95,117,114,93,109,96,Standard,0,115,105,0.045454545,1,1,left,Standard
14009,29,7,2546,-12,51,68,100,79,81,74,91,93,Standard,0,82,82,0,NA,NA,left,Standard
14018,34,13,2524,-10,46,112,69,79,65,79,60,83,Alternative,1,87,68,0.122580645,1,0,left,Standard
14019,29,14,2204,-10,52,112,125,90,98,67,67,161,Standard,0,109,77,0.172043011,1,1,left,Standard
14020,28,14,2519,-6,42,68,56,57,73,162,89,68,Standard,0,60,108,-0.285714286,0,0,left,Standard
14010,34,12,2524,-11,51,90,215,117,93,118,118,139,Alternative,1,141,110,0.123505976,1,0,left,Alternative
14021,27,16,2423,-12,64,90,200,89,62,62,37,97,Alternative,1,126,54,0.4,1,0,left,Alternative
14032,23,14,2425,-13,48,113,127,95,118,106,79,128,Alternative,1,112,101,0.051643192,1,0,right,Alternative
14033,33,7,2310,-13,48,47,47,48,117,34,57,47,Standard,0,47,69,-0.189655172,0,0,right,Alternative
14034,32,11,2308,-7,52,50,97,91,79,60,97,166,Alternative,1,79,79,0,NA,NA,right,Alternative
14036,32,9,2634,-10,52,96,112,80,124,141,92,126,Standard,0,96,119,-0.106976744,0,0,left,Alternative
14037,23,16,2265,-15,54,80,38,74,52,34,49,91,Standard,0,64,45,0.174311927,1,1,left,Alternative
14038,24,10,2443,-9,50,78,63,59,190,101,77,92,Standard,0,67,123,-0.294736842,0,0,left,Alternative
14039,32,7,2484,-9,47,29,48,47,91,63,58,116,Standard,0,41,71,-0.267857143,0,0,left,Alternative
14040,23,10,2728,-12,49,105,63,151,108,63,68,157,Standard,0,106,80,0.139784946,1,1,left,Alternative
14057,34,10,2267,-10,48,42,41,53,75,56,74,79,Standard,0,45,68,-0.203539823,0,0,left,Standard
14058,22,10,2584,-19,55,59,68,155,87,68,82,118,Standard,0,94,79,0.086705202,1,1,left,Standard
14059,29,7,2183,-12,52,91,101,74,93,134,68,106,Standard,0,89,98,-0.048128342,0,0,left,Standard
14060,28,8,2858,-11,51,68,86,91,225,41,47,101,Standard,0,82,104,-0.11827957,0,0,left,Alternative
14061,33,13,2437,-18,50,53,47,47,38,37,38,37,Standard,0,49,38,0.126436782,1,1,left,Alternative
14063,30,12,2526,-8,43,64,73,62,83,82,62,68,Alternative,1,66,76,-0.070422535,0,1,left,Standard
14065,33,14,2423,-11,44,83,57,90,40,48,58,78,Standard,0,77,49,0.222222222,1,1,left,Standard
14066,29,15,2185,-10,55,52,36,55,29,31,36,56,Alternative,1,48,32,0.2,1,0,left,Standard
14067,36,8,2540,-9,47,117,106,101,131,205,130,186,Standard,0,108,155,-0.178707224,0,0,left,Standard
14068,33,7,2586,-12,51,84,100,86,109,153,120,112,Standard,0,90,127,-0.170506912,0,0,left,Standard
14069,34,13,2727,-16,51,57,57,33,28,46,37,78,Standard,0,49,37,0.139534884,1,1,left,Alternative
14070,32,7,2832,-17,51,101,61,69,75,92,84,51,Standard,0,77,84,-0.043478261,0,0,left,Alternative
14071,28,9,2729,-6,42,51,70,57,49,53,73,45,Standard,0,59,58,0.008547009,1,1,left,Alternative
14082,29,11,2725,-13,51,63,68,84,78,73,120,137,Alternative,1,72,90,-0.111111111,0,1,left,Alternative
14083,31,12,2748,-10,54,41,52,48,74,78,69,59,Alternative,1,47,74,-0.223140496,0,1,left,Alternative
14084,28,10,2504,-9,47,67,95,90,76,51,81,37,Standard,0,84,69,0.098039216,1,1,left,Alternative
14085,34,18,2523,-13,46,53,47,75,53,47,47,58,Alternative,1,58,49,0.08411215,1,0,left,Alternative
14086,25,9,2579,-9,48,75,103,86,160,86,101,198,Standard,0,88,116,-0.137254902,0,0,left,Alternative
14088,22,6,2597,-14,52,53,79,47,85,143,102,69,Standard,0,60,110,-0.294117647,0,0,left,Alternative
14089,36,11,2475,-10,49,155,129,139,182,156,87,170,Alternative,1,141,142,-0.003533569,0,1,left,Alternative
14090,29,9,2159,-11,48,79,128,107,100,126,173,210,Standard,0,105,133,-0.117647059,0,0,left,Alternative
14091,31,11,2737,-10,50,95,120,112,104,87,136,76,Alternative,1,109,109,0,NA,NA,left,Standard
14093,28,14,2392,-12,46,120,41,134,45,83,101,86,Alternative,1,98,76,0.126436782,1,0,left,Standard
14094,26,8,2383,-13,45,41,52,80,62,40,101,102,Standard,0,58,68,-0.079365079,0,0,left,Standard
14119,27,10,2705,-14,45,150,90,86,147,111,69,140,Standard,0,109,109,0,NA,NA,right,Alternative
14121,34,13,2434,-12,50,63,96,97,170,80,84,75,Alternative,1,85,111,-0.130730051,0,1,right,Alternative
14124,29,13,2674,-11,51,130,100,102,103,74,96,199,Alternative,1,111,91,0.099009901,1,0,right,Standard
14125,35,9,2672,-9,45,83,53,39,101,84,80,119,Standard,0,58,88,-0.205479452,0,0,right,Standard
14127,31,15,2603,-16,55,118,64,102,103,50,51,85,Alternative,1,95,68,0.165644172,1,0,right,Standard
14128,33,10,2776,-16,48,80,79,53,119,67,105,80,Standard,0,71,97,-0.154761905,0,0,right,Alternative
14129,32,16,2611,-11,45,96,85,118,114,81,89,90,Alternative,1,100,95,0.025641026,1,0,right,Alternative
14130,31,9,2588,-13,50,58,47,62,127,60,61,96,Standard,0,56,83,-0.194244604,0,0,right,Alternative
14137,26,12,2575,-13,46,70,81,59,78,69,149,149,Alternative,1,70,99,-0.171597633,0,1,right,Alternative
14138,28,11,2890,-13,49,31,67,64,50,35,56,88,Standard,0,54,47,0.069306931,1,1,right,Alternative
14139,29,14,2667,-6,47,65,75,89,123,65,76,166,Standard,0,76,88,-0.073170732,0,0,right,Alternative
14140,30,11,2614,-6,47,113,88,102,279,91,99,140,Standard,0,101,156,-0.214007782,0,0,right,Standard
14141,35,15,2434,-14,49,58,85,70,47,128,202,259,Alternative,1,71,126,-0.279187817,0,1,left,Standard
14142,30,10,2434,-9,49,129,117,90,143,76,104,268,Alternative,1,112,108,0.018181818,1,0,left,Standard
14143,28,12,2423,-14,53,69,80,117,52,79,82,223,Standard,0,89,71,0.1125,1,1,left,Alternative
14144,32,17,2396,-20,53,95,69,63,46,27,40,62,Alternative,1,76,38,0.333333333,1,0,left,Standard
14145,33,12,2422,-14,49,69,63,68,59,54,73,68,Standard,0,67,62,0.03875969,1,1,left,Standard
14146,26,8,2638,-9,42,168,79,56,198,229,68,75,Standard,0,101,165,-0.240601504,0,0,left,Alternative
14147,35,16,2744,-10,51,171,188,139,61,136,195,111,Standard,0,166,131,0.117845118,1,1,left,Alternative
14176,33,8,2249,-11,46,106,90,101,206,145,109,139,Standard,0,99,153,-0.214285714,0,0,left,Alternative
14177,33,6,2451,-8,47,136,129,79,283,192,213,243,Standard,0,115,229,-0.331395349,0,0,left,Alternative
14178,32,10,2631,-10,51,73,80,80,117,129,146,190,Alternative,1,78,131,-0.253588517,0,1,left,Alternative
14179,31,11,2444,-15,50,79,47,51,33,38,33,96,Standard,0,59,35,0.255319149,1,1,left,Alternative
14180,24,10,2133,-10,45,47,41,35,32,45,45,36,Standard,0,41,41,0,NA,NA,left,Alternative
14181,23,13,2443,-15,46,52,49,57,50,55,55,78,Standard,0,53,53,0,NA,NA,left,Alternative
14182,32,8,2624,-17,57,90,96,68,94,137,84,155,Standard,0,85,105,-0.105263158,0,0,left,Alternative
14184,28,12,2639,-12,58,50,58,35,47,68,57,46,Standard,0,48,57,-0.085714286,0,0,left,Alternative
14185,30,11,2670,-6,51,106,84,95,131,136,125,251,Alternative,1,95,131,-0.159292035,0,1,right,Alternative
14201,29,12,2571,-10,47,57,36,63,91,66,61,95,Standard,0,52,73,-0.168,0,0,right,Alternative
14202,23,12,2771,-6,47,68,52,52,78,59,64,86,Standard,0,57,67,-0.080645161,0,0,right,Alternative
14203,29,11,2685,-5,45,154,161,79,159,207,184,258,Alternative,1,131,183,-0.165605096,0,1,right,Standard
14204,30,13,2589,-8,48,68,76,53,98,73,87,205,Standard,0,66,86,-0.131578947,0,0,right,Standard
14205,29,9,2773,-11,46,53,32,46,43,40,32,36,Standard,0,44,38,0.073170732,1,1,right,Standard
14206,34,11,2573,-15,54,62,86,61,32,44,48,142,Alternative,1,70,41,0.261261261,1,0,right,Standard
14208,30,9,2863,-10,48,89,68,54,76,64,93,117,Standard,0,70,78,-0.054054054,0,0,right,Standard
14209,32,11,2816,-9,46,113,53,53,114,66,57,109,Alternative,1,73,79,-0.039473684,0,1,right,Standard
14210,30,13,2588,-8,45,58,268,96,99,135,107,296,Standard,0,141,114,0.105882353,1,1,right,Standard
14211,28,9,2515,-14,44,58,52,53,72,66,61,69,Standard,0,54,66,-0.1,0,0,right,Standard
14212,23,12,2569,-14,56,53,92,58,38,66,56,141,Alternative,1,68,53,0.123966942,1,0,right,Standard
14213,31,6,2575,-15,51,32,74,90,73,132,114,73,Standard,0,65,106,-0.239766082,0,0,right,Standard
14214,26,11,2600,-13,44,47,57,75,72,61,71,123,Standard,0,60,68,-0.0625,0,0,right,Standard
14215,25,11,2224,-15,54,155,136,96,83,159,127,137,Alternative,1,129,123,0.023809524,1,0,right,Standard
14216,33,8,2610,-9,45,62,41,50,47,70,55,68,Standard,0,51,57,-0.055555556,0,0,right,Standard
14217,30,8,2621,-16,55,41,37,74,49,41,49,52,Standard,0,51,46,0.051546392,1,1,right,Standard
14218,28,8,2176,-8,49,79,41,52,48,45,44,129,Alternative,1,57,46,0.106796117,1,0,right,Standard
14219,26,7,2615,-13,44,112,86,89,140,193,240,112,Standard,0,96,191,-0.331010453,0,0,right,Standard
14220,28,6,2149,-10,53,88,57,85,163,64,159,107,Standard,0,77,129,-0.252427184,0,0,right,Standard
14221,31,10,2144,-9,49,57,30,53,45,46,58,111,Standard,0,47,50,-0.030927835,0,0,right,Standard
14222,24,15,2569,-11,48,96,123,158,45,92,105,174,Alternative,1,126,81,0.217391304,1,0,right,Alternative
14223,35,10,2610,-16,51,63,84,89,138,69,87,107,Standard,0,79,98,-0.107344633,0,0,right,Alternative
14224,33,11,2423,-14,46,72,90,100,137,78,72,142,Alternative,1,87,96,-0.049180328,0,1,right,Alternative
14234,34,11,2669,-14,55,107,74,52,39,82,37,32,Alternative,1,78,53,0.190839695,1,0,right,Alternative
14235,24,10,2669,-12,42,79,52,68,77,57,51,112,Standard,0,66,62,0.03125,1,1,right,Alternative
14236,28,12,2616,-15,47,52,42,45,32,48,49,53,Standard,0,46,43,0.033707865,1,1,right,Alternative
14237,31,14,2960,-14,47,26,57,74,29,70,83,58,Alternative,1,52,61,-0.079646018,0,1,left,Standard
14238,24,14,2412,-13,53,106,95,255,158,182,120,161,Standard,0,152,153,-0.003278689,0,0,left,Standard
14240,30,13,2454,-13,53,34,52,45,37,55,60,78,Alternative,1,44,51,-0.073684211,0,1,left,Standard
14242,36,13,2641,-8,47,73,89,62,79,88,68,116,Alternative,1,75,78,-0.019607843,0,1,left,Standard
14243,35,11,2684,-11,46,41,45,39,27,33,55,46,Standard,0,42,38,0.05,1,1,left,Alternative
14244,25,13,2456,-15,49,29,51,47,65,36,47,57,Standard,0,42,49,-0.076923077,0,0,left,Alternative
14245,29,7,2408,-11,44,58,68,67,145,55,72,139,Standard,0,64,91,-0.174193548,0,0,left,Alternative
14246,32,15,2649,-8,55,119,68,30,26,53,28,40,Alternative,1,72,36,0.333333333,1,0,left,Alternative
14247,30,11,2730,-11,46,51,63,56,51,61,92,75,Alternative,1,57,68,-0.088,0,1,left,Alternative
14248,33,16,2414,-16,50,62,77,78,67,45,51,63,Alternative,1,72,54,0.142857143,1,0,left,Alternative
14259,29,12,2625,-16,58,35,106,82,128,100,83,159,Standard,0,74,104,-0.168539326,0,0,left,Alternative
14260,26,14,2609,-16,58,133,90,172,118,88,96,237,Standard,0,132,101,0.13304721,1,1,left,Alternative
14261,29,13,2673,-14,61,139,91,68,56,176,65,85,Alternative,1,99,99,0,NA,NA,left,Alternative
14262,27,15,2438,-14,57,85,51,55,33,39,44,30,Alternative,1,64,39,0.242718447,1,0,left,Alternative
14263,29,16,2480,-12,56,57,34,67,36,32,39,63,Alternative,1,53,36,0.191011236,1,0,left,Alternative
14264,28,9,2473,-11,52,25,66,56,92,73,72,170,Standard,0,49,79,-0.234375,0,0,left,Alternative
14265,35,9,2473,-12,50,69,73,75,107,80,74,167,Standard,0,72,87,-0.094339623,0,0,left,Alternative
14266,33,7,2432,-14,44,78,79,49,135,110,56,116,Standard,0,69,100,-0.183431953,0,0,left,Alternative
14267,37,16,2640,-12,45,56,73,68,35,44,51,61,Alternative,1,66,43,0.211009174,1,0,left,Alternative
14268,34,12,2692,-11,55,70,56,73,49,55,57,149,Alternative,1,66,54,0.1,1,0,left,Alternative
14269,35,9,2095,-9,47,112,74,73,111,97,78,90,Standard,0,86,95,-0.049723757,0,0,left,Alternative
14270,29,8,2590,-12,51,46,61,63,100,82,83,64,Standard,0,57,88,-0.216589862,0,0,left,Alternative
14271,25,14,2564,-13,52,62,35,63,46,45,45,111,Standard,0,53,45,0.084745763,1,1,left,Alternative
14276,29,12,2384,-7,50,63,45,79,50,48,78,231,Standard,0,62,59,0.027472527,1,1,left,Alternative
14277,26,13,2480,-8,53,63,57,105,45,33,44,126,Standard,0,75,41,0.293103448,1,1,left,Alternative
14278,31,14,2619,-7,55,105,87,53,53,49,58,55,Alternative,1,82,53,0.212871287,1,0,left,Alternative
14279,30,10,2445,-13,50,52,57,41,45,45,63,219,Alternative,1,50,51,-0.00990099,0,1,left,Standard
14280,30,8,2458,-7,43,79,52,101,168,93,93,72,Standard,0,77,118,-0.208191126,0,0,left,Standard
14282,29,8,2625,-13,55,162,90,62,86,100,48,52,Standard,0,105,78,0.145985402,1,1,left,Standard
14283,29,12,2663,-11,47,35,24,25,28,42,47,28,Alternative,1,28,39,-0.164179104,0,1,left,Standard
14284,31,12,2660,-11,48,90,57,79,68,48,57,71,Alternative,1,75,58,0.13,1,0,left,Standard
14285,32,10,2413,-13,49,62,101,89,87,99,87,184,Standard,0,84,91,-0.04,0,0,left,Standard
14286,29,7,2416,-17,49,43,41,41,68,80,60,41,Standard,0,42,69,-0.246987952,0,0,left,Standard
14287,35,13,2667,-6,61,58,46,45,46,59,55,61,Standard,0,50,53,-0.032467532,0,0,left,Standard
14288,30,11,2594,-14,50,133,83,90,103,98,87,123,Standard,0,102,96,0.03030303,1,1,left,Standard
14289,29,12,2087,-14,48,68,79,64,53,60,72,96,Standard,0,70,62,0.062972292,1,1,left,Standard
14290,30,12,2462,-8,50,35,35,51,38,46,43,106,Alternative,1,40,42,-0.020242915,0,1,left,Standard
14291,25,11,2448,-10,52,55,91,51,44,55,76,196,Alternative,1,66,58,0.061994609,1,0,left,Alternative
14292,33,12,2578,-11,47,13,16,30,33,23,23,232,Alternative,1,20,26,-0.138686131,0,1,left,Alternative
14293,37,13,2692,-10,50,24,41,46,47,36,28,32,Alternative,1,37,37,0,NA,NA,left,Alternative
14294,30,15,2430,-8,49,41,85,90,61,36,56,45,Alternative,1,72,51,0.170731707,1,0,left,Alternative
14295,31,18,2441,-14,49,68,112,47,47,39,47,121,Alternative,1,76,44,0.264623955,1,0,left,Alternative
14296,31,12,2625,-9,44,46,265,65,113,62,74,77,Standard,0,125,83,0.2032,1,1,left,Alternative
14297,33,9,2433,-21,47,85,89,107,47,80,94,113,Standard,0,94,74,0.117296223,1,1,left,Alternative
14298,25,13,2645,-12,51,57,40,30,126,35,38,167,Alternative,1,42,66,-0.218461538,0,1,left,Alternative
14299,22,13,2532,-11,53,36,31,41,47,40,36,52,Alternative,1,36,41,-0.064935065,0,1,left,Alternative
14300,27,16,2675,-11,53,41,72,61,67,41,74,48,Alternative,1,58,61,-0.025210084,0,1,left,Alternative
14302,30,9,2451,-11,48,74,62,84,78,86,99,211,Standard,0,73,88,-0.090909091,0,0,left,Alternative
14324,26,7,2396,-12,49,59,52,57,115,74,68,41,Standard,0,56,86,-0.211267606,0,0,left,Standard
14325,30,12,2467,-12,47,66,47,46,43,53,84,53,Alternative,1,53,60,-0.061946903,0,1,left,Standard
14326,31,10,2394,-13,46,118,46,62,63,44,33,128,Standard,0,75,47,0.231607629,1,1,left,Standard
14329,26,6,2394,-10,52,75,39,112,92,224,102,84,Standard,0,75,139,-0.297045101,0,0,left,Standard
14330,35,13,2416,-8,45,36,63,68,52,41,65,50,Alternative,1,56,53,0.024539877,1,0,left,Alternative
14331,34,12,2426,-10,47,36,59,41,43,68,48,39,Standard,0,45,53,-0.077966102,0,0,left,Alternative
14332,28,15,2480,-9,55,90,74,50,68,62,45,193,Alternative,1,71,58,0.103092783,1,0,left,Alternative
14333,26,10,2626,-13,43,69,63,57,70,57,87,74,Standard,0,63,71,-0.059701493,0,0,right,Standard
14334,24,11,2343,-5,49,62,52,67,76,62,94,167,Standard,0,60,77,-0.121359223,0,0,right,Standard
14335,31,12,2617,-16,51,64,57,52,54,53,47,212,Standard,0,58,51,0.061349693,1,1,right,Standard
14336,34,16,2272,-13,54,53,46,39,44,30,29,59,Standard,0,46,34,0.15,1,1,right,Standard
14337,33,13,2272,-14,43,74,57,73,45,32,60,55,Alternative,1,68,46,0.192982456,1,0,right,Standard
14338,28,10,2587,-16,51,74,84,80,80,68,92,71,Standard,0,79,80,-0.0041841,0,0,right,Standard
14339,29,8,2540,-10,49,35,19,34,62,46,32,52,Standard,0,29,47,-0.231441048,0,0,right,Standard
14340,30,9,2601,-13,50,38,46,68,44,41,32,84,Standard,0,51,39,0.130111524,1,1,right,Standard
14341,30,8,2518,-14,45,106,91,102,77,84,91,297,Standard,0,100,84,0.085299456,1,1,right,Standard
14342,34,15,2491,-16,50,107,46,83,28,64,40,82,Alternative,1,79,44,0.282608696,1,0,right,Standard
14343,36,7,2653,-8,46,89,73,78,162,109,83,118,Alternative,1,80,118,-0.191919192,0,1,right,Standard
14353,31,15,2491,-12,51,25,69,41,40,40,27,47,Alternative,1,45,36,0.111111111,1,0,right,Alternative
14354,29,12,2336,-11,49,51,63,37,47,44,43,38,Alternative,1,50,45,0.055944056,1,0,right,Alternative
14355,23,14,2638,-13,47,61,78,50,195,144,154,267,Alternative,1,63,164,-0.444933921,0,1,right,Alternative
14356,35,9,2642,-15,48,24,30,41,78,21,39,34,Standard,0,32,46,-0.184549356,0,0,right,Alternative
14386,27,13,2328,-9,46,102,69,47,84,68,65,232,Standard,0,73,72,0.004608295,1,1,right,Alternative
14387,26,10,2717,-9,43,25,30,25,52,57,57,123,Standard,0,27,55,-0.346938775,0,0,right,Alternative
14388,25,15,2593,-9,44,68,47,90,53,57,53,133,Alternative,1,68,54,0.117166213,1,0,right,Alternative
14389,35,8,2385,-8,48,63,73,30,85,49,75,123,Alternative,1,55,70,-0.117021277,0,1,right,Alternative
14391,32,10,2538,-6,48,107,104,74,93,153,105,152,Alternative,1,95,117,-0.103773585,0,1,right,Alternative
14392,34,10,2490,-9,53,35,41,44,51,45,32,130,Alternative,1,40,43,-0.036144578,0,1,right,Alternative
14378,33,9,2631,-10,48,96,67,67,99,92,73,151,Standard,0,77,88,-0.068825911,0,0,right,Standard
14379,34,15,2349,-13,49,67,52,96,88,52,54,77,Alternative,1,72,65,0.048780488,1,0,right,Standard
14380,33,12,2611,-5,58,58,36,36,77,53,48,265,Standard,0,43,59,-0.153094463,0,0,right,Standard
14393,27,10,2526,-15,56,35,34,29,27,26,45,36,Standard,0,33,33,-0.005076142,0,0,right,Standard
14394,23,15,2520,-14,42,62,44,45,44,36,73,87,Alternative,1,50,51,-0.006578947,0,1,right,Standard
14395,30,17,2496,-10,47,62,48,52,57,54,56,67,Alternative,1,54,56,-0.018181818,0,1,right,Standard
14396,25,11,2811,-6,57,63,79,35,60,72,98,89,Standard,0,59,77,-0.132352941,0,0,right,Standard
14397,24,13,2338,-11,54,83,89,63,101,84,88,111,Standard,0,78,91,-0.07480315,0,0,right,Standard
14398,27,10,2181,-9,52,50,49,56,25,51,68,111,Standard,0,52,48,0.036789298,1,1,right,Standard
14402,31,12,2595,-9,50,79,94,57,89,47,67,96,Standard,0,77,68,0.062068966,1,1,right,Alternative
14404,25,12,2343,-5,45,100,58,63,94,88,78,139,Standard,0,74,87,-0.080745342,0,0,right,Alternative
14414,25,9,2361,-10,48,70,83,79,133,106,91,117,Standard,0,77,110,-0.176470588,0,0,right,Alternative
14415,32,13,2201,-9,47,123,74,61,72,79,46,197,Standard,0,86,66,0.131578947,1,1,right,Standard
14416,31,12,2245,-13,51,86,79,224,66,60,73,153,Alternative,1,130,66,0.326530612,1,0,right,Standard
14417,27,12,2672,-16,48,79,86,56,52,54,58,137,Alternative,1,74,55,0.147286822,1,0,right,Standard
14418,25,15,2237,-12,53,46,57,35,29,55,33,90,Standard,0,46,39,0.082352941,1,1,right,Standard
14419,35,7,2579,-5,46,84,63,63,92,216,93,79,Standard,0,70,134,-0.31372549,0,0,right,Standard
14421,32,8,2278,-9,46,36,53,173,116,84,62,106,Standard,0,87,87,0,NA,NA,right,Standard
14422,29,6,2225,-7,52,84,69,90,111,93,173,85,Standard,0,81,126,-0.217391304,0,0,right,Standard
14424,33,12,2515,-10,48,52,29,30,60,31,38,52,Standard,0,37,43,-0.075,0,0,right,Standard
14425,30,12,2339,-14,51,73,69,69,68,48,77,68,Alternative,1,70,64,0.044776119,1,0,right,Standard
14426,33,8,2178,-13,45,36,45,62,62,39,78,68,Standard,0,48,60,-0.111111111,0,0,right,Alternative
14427,29,13,2373,-10,50,51,30,36,50,37,37,112,Standard,0,39,41,-0.025,0,0,right,Alternative
14428,31,12,2504,-10,55,166,88,62,83,48,82,128,Alternative,1,105,71,0.193181818,1,0,right,Alternative
14429,30,8,2624,-11,54,46,40,58,48,41,62,199,Standard,0,48,50,-0.020408163,0,0,right,Standard
14430,33,7,2691,-16,54,30,30,49,44,50,36,150,Standard,0,36,43,-0.088607595,0,0,right,Standard
14440,31,12,2564,-13,49,90,46,45,77,51,42,63,Alternative,1,60,57,0.028409091,1,0,right,Alternative
14441,27,11,2667,-11,45,85,41,48,115,55,36,131,Alternative,1,58,69,-0.086614173,0,1,right,Alternative
14442,33,10,2245,-10,56,72,74,100,68,57,157,75,Alternative,1,82,94,-0.068181818,0,1,right,Alternative
14443,28,14,2564,-10,56,128,56,46,58,47,54,67,Alternative,1,77,53,0.18251928,1,0,right,Alternative
14444,36,6,2786,-6,46,51,36,46,88,68,113,72,Standard,0,44,90,-0.339950372,0,0,right,Alternative
14445,26,11,2526,-12,51,68,78,89,56,97,77,122,Standard,0,78,77,0.008583691,1,1,right,Alternative
14446,26,10,2703,-9,42,101,158,68,108,80,93,116,Standard,0,109,94,0.073891626,1,1,right,Alternative
14447,32,15,2474,-9,47,57,63,73,46,67,64,153,Alternative,1,64,59,0.043243243,1,0,right,Alternative
14449,32,12,2904,-12,55,94,63,69,71,58,72,78,Alternative,1,75,67,0.058548009,1,0,right,Standard
14450,30,14,2507,-12,50,95,71,73,54,67,58,114,Alternative,1,80,60,0.140811456,1,0,right,Standard
14452,31,15,2576,-11,54,107,74,57,69,57,49,148,Alternative,1,79,58,0.155339806,1,0,right,Standard
14453,37,13,2150,-9,53,86,52,42,51,47,52,76,Alternative,1,60,50,0.090909091,1,0,right,Standard
14454,26,13,2543,-15,50,74,106,79,106,56,74,135,Standard,0,86,79,0.044354839,1,1,right,Alternative
14455,33,12,2560,-16,47,68,74,63,62,77,58,128,Alternative,1,68,66,0.017369727,1,0,right,Alternative
14456,31,9,2659,-7,52,95,73,79,122,87,92,170,Alternative,1,82,100,-0.096892139,0,1,right,Alternative
14457,28,11,2255,-14,53,84,73,63,82,66,77,80,Standard,0,73,75,-0.011235955,0,0,right,Alternative
14458,28,11,2711,-10,50,36,42,47,93,54,49,104,Alternative,1,42,65,-0.21875,0,1,right,Alternative
14459,22,15,2608,-13,49,90,105,123,89,76,92,125,Alternative,1,106,86,0.104166667,1,0,right,Alternative
14460,30,12,2557,-18,49,46,52,65,87,48,48,109,Standard,0,54,61,-0.057803468,0,0,right,Alternative
14462,28,12,2576,-11,44,79,88,75,62,73,62,249,Standard,0,81,66,0.1,1,1,left,Standard
14463,37,14,2623,-11,53,112,85,85,63,107,63,86,Alternative,1,94,78,0.093023256,1,0,left,Standard
14464,35,14,2155,-12,48,107,112,132,78,109,106,165,Alternative,1,117,98,0.088372093,1,0,left,Standard
14465,33,7,2639,-15,47,80,165,NA,257,NA,NA,NA,NA,1,82,86,-0.02584493,0,1,left,Standard
14466,30,13,2154,-10,49,177,85,100,100,79,107,242,Standard,0,121,95,0.119010819,1,1,left,Standard
14467,34,13,2138,-9,54,58,53,57,60,50,51,64,Alternative,1,56,54,0.018181818,1,0,left,Standard
14468,25,11,2522,-14,49,63,84,69,65,49,60,68,Standard,0,72,58,0.107692308,1,1,left,Standard
14469,30,10,2239,-6,43,79,68,90,93,93,39,117,Standard,0,79,75,0.025974026,1,1,left,Standard
14470,24,6,2408,-10,50,63,79,57,83,72,103,68,Standard,0,66,86,-0.129102845,0,0,left,Standard
14471,34,12,2545,-12,52,62,80,74,44,58,57,52,Standard,0,72,53,0.152,1,1,left,Standard
14472,27,11,2501,-11,48,84,58,79,88,115,71,161,Standard,0,74,91,-0.105263158,0,0,left,Standard
14473,28,16,2567,-11,47,94,102,79,92,100,63,118,Alternative,1,92,85,0.037735849,1,0,left,Standard
14474,35,14,2521,-10,49,117,95,102,85,76,75,142,Alternative,1,105,79,0.139745917,1,0,left,Standard
14475,33,14,2282,-12,49,56,107,52,101,59,59,78,Alternative,1,72,73,-0.00921659,0,1,left,Standard
14476,31,10,2548,-11,49,135,101,79,64,81,81,95,Alternative,1,105,75,0.166666667,1,0,left,Standard
14477,26,11,2243,-12,52,200,167,199,295,295,294,281,Standard,0,189,295,-0.21984838,0,0,left,Standard
14478,36,13,2244,-8,56,96,58,98,65,61,73,74,Standard,0,84,66,0.12,1,1,left,Standard
14479,26,11,2504,-9,47,80,58,73,71,65,87,213,Standard,0,70,74,-0.025404157,0,0,left,Standard
14480,23,10,2212,-11,57,52,47,60,57,93,206,74,Standard,0,53,119,-0.38372093,0,0,left,Standard
14481,27,11,2546,-10,52,52,46,54,43,55,51,126,Standard,0,51,50,0.006622517,1,1,left,Standard
14482,30,10,2517,-13,46,150,134,92,113,97,105,211,Standard,0,125,105,0.088277858,1,1,left,Standard
14483,31,9,2576,-12,51,74,75,83,79,82,120,95,Standard,0,77,94,-0.097276265,0,0,left,Standard
14484,31,7,2508,-15,50,106,116,139,153,195,155,122,Standard,0,120,168,-0.165317919,0,0,left,Standard
14485,34,9,2576,-13,48,99,74,90,67,184,72,111,Standard,0,88,108,-0.103918228,0,0,left,Standard
14486,31,7,2540,-12,47,78,46,29,75,87,69,129,Standard,0,51,77,-0.203125,0,0,left,Standard
14487,31,12,2509,-13,55,52,41,56,60,33,32,138,Alternative,1,50,42,0.083636364,1,0,left,Standard
14488,29,8,2259,-12,49,61,46,60,77,84,77,83,Standard,0,56,79,-0.173267327,0,0,left,Standard
14490,29,11,2566,-10,44,117,260,79,118,93,87,204,Standard,0,152,99,0.211155378,1,1,left,Standard
14491,33,7,2607,-17,53,117,100,94,109,118,117,163,Standard,0,104,115,-0.051829268,0,0,left,Standard
14494,33,15,2522,-11,48,148,90,139,82,85,109,273,Alternative,1,126,92,0.154670751,1,0,left,Standard
14496,29,15,2506,-15,46,86,81,79,89,58,45,89,Alternative,1,82,64,0.123287671,1,0,left,Alternative
14498,30,12,2119,-13,49,112,80,93,99,46,112,58,Standard,0,95,86,0.049723757,1,1,left,Alternative
14499,28,15,2312,-15,49,52,57,57,57,51,49,48,Alternative,1,55,52,0.031055901,1,0,left,Alternative
14500,34,12,2614,-12,50,74,73,62,67,65,84,57,Alternative,1,70,72,-0.016470588,0,1,left,Alternative
14501,26,17,2136,-12,53,68,83,78,57,64,78,85,Alternative,1,76,66,0.072599532,1,0,left,Alternative
14502,32,10,2258,-8,48,40,41,58,44,47,81,51,Standard,0,46,57,-0.103225806,0,0,left,Alternative
14503,34,8,2466,-16,48,62,54,56,92,70,84,148,Standard,0,57,82,-0.177033493,0,0,left,Alternative
14504,24,10,2619,-13,50,40,46,40,73,50,43,150,Standard,0,42,55,-0.134020619,0,0,left,Alternative
14505,31,14,2553,-12,50,46,57,57,54,41,49,45,Alternative,1,53,48,0.052631579,1,0,left,Alternative
14507,30,7,2240,-13,52,106,89,40,126,86,66,117,Standard,0,78,93,-0.085603113,0,0,left,Alternative
14508,29,12,2553,-10,50,63,46,73,32,42,32,152,Alternative,1,61,35,0.268292683,1,0,left,Alternative
14509,35,9,2486,-9,48,62,94,79,106,39,52,183,Standard,0,78,66,0.085450346,1,1,left,Alternative
14510,29,15,2510,-10,45,84,69,68,64,63,76,68,Alternative,1,74,68,0.04,1,0,left,Alternative
14511,23,12,2523,-11,54,56,62,52,77,67,56,84,Standard,0,57,67,-0.083557951,0,0,left,Alternative
14512,29,15,2461,-10,52,38,64,72,20,52,68,52,Alternative,1,58,47,0.104761905,1,0,right,Alternative
14513,30,10,2272,-11,42,68,60,61,84,99,152,95,Standard,0,63,112,-0.28,0,0,right,Standard
14514,25,10,2501,-7,46,46,46,73,68,57,49,112,Standard,0,55,58,-0.026548673,0,0,right,Standard
14515,34,10,2534,-11,50,117,168,73,115,187,90,222,Standard,0,119,131,-0.046604527,0,0,right,Standard
14516,26,12,2554,-5,55,150,79,67,68,77,73,74,Standard,0,99,73,0.149514563,1,1,right,Standard
14517,31,15,2487,-12,53,79,62,63,52,60,56,73,Alternative,1,68,56,0.096774194,1,0,right,Standard
14518,30,9,2298,-11,47,88,78,73,122,119,91,122,Standard,0,80,111,-0.164335664,0,0,right,Standard
14519,36,17,2236,-11,51,84,63,79,50,52,50,67,Alternative,1,75,51,0.192612137,1,0,right,Standard
14520,30,7,2491,-10,50,51,53,90,50,75,91,96,Standard,0,65,72,-0.053658537,0,0,right,Standard
14521,34,10,2511,-13,45,84,78,67,87,98,80,246,Standard,0,76,88,-0.070993915,0,0,right,Standard
14522,28,14,2614,-10,42,89,84,73,77,66,56,56,Standard,0,82,66,0.108108108,1,1,right,Standard
14523,22,15,2583,-8,48,101,45,52,60,44,50,245,Standard,0,66,51,0.128205128,1,1,right,Standard
14524,32,15,2094,-10,51,90,104,78,92,81,82,192,Alternative,1,91,85,0.032258065,1,0,right,Standard
14525,28,16,2547,-10,51,84,93,89,47,85,72,122,Alternative,1,89,68,0.131914894,1,0,right,Alternative
14526,28,8,2545,-16,50,40,68,47,47,40,39,46,Standard,0,52,42,0.103202847,1,1,right,Alternative
14527,29,13,2554,-7,53,84,118,112,92,127,93,189,Alternative,1,105,104,0.003194888,1,0,right,Alternative
14529,28,16,2500,-13,47,61,106,68,70,55,70,89,Alternative,1,78,65,0.093023256,1,0,right,Alternative
14531,35,12,2512,-10,43,74,61,74,102,80,58,187,Alternative,1,70,80,-0.069042316,0,1,right,Alternative
14532,33,8,2194,-12,47,51,52,47,77,99,56,68,Standard,0,50,77,-0.212598425,0,0,left,Alternative
14534,31,11,2573,-9,49,89,77,90,87,61,77,180,Alternative,1,85,75,0.064449064,1,0,left,Standard
14535,36,8,2249,-5,47,62,57,57,84,92,92,63,Standard,0,59,89,-0.205417607,0,0,left,Standard
14536,32,10,2617,-6,49,43,52,38,68,82,76,129,Alternative,1,44,75,-0.25698324,0,1,left,Standard
14537,29,12,2529,-6,58,68,56,53,58,52,58,113,Standard,0,59,56,0.026086957,1,1,left,Standard
14539,26,13,2481,-13,49,80,79,73,60,72,83,276,Standard,0,77,72,0.035714286,1,1,left,Standard
14540,25,8,2303,-15,53,80,52,63,39,38,54,131,Standard,0,65,44,0.19266055,1,1,left,Standard
14541,29,12,2461,-15,49,30,35,45,33,28,52,105,Standard,0,37,38,-0.017857143,0,0,left,Standard
14542,29,9,2462,-11,52,95,72,57,73,71,105,182,Standard,0,75,83,-0.052854123,0,0,left,Standard
14543,32,17,2512,-6,46,67,123,80,75,75,85,175,Standard,0,90,78,0.071428571,1,1,left,Standard
14544,31,13,2101,-10,47,74,74,80,88,71,88,107,Standard,0,76,82,-0.037974684,0,0,left,Standard
14545,32,12,2145,-13,54,62,94,133,52,57,75,201,Standard,0,96,61,0.224576271,1,1,left,Alternative
14546,33,10,2180,-5,49,25,52,65,25,33,50,61,Standard,0,47,36,0.136,1,1,left,Alternative
14547,29,12,2516,-13,53,111,58,52,64,68,64,85,Alternative,1,74,65,0.0625,1,0,left,Alternative
14549,29,10,2497,-15,51,59,55,50,44,50,56,39,Standard,0,55,50,0.044585987,1,1,right,Standard
14550,28,15,2222,-11,47,44,61,47,49,44,96,48,Alternative,1,51,63,-0.108504399,0,1,right,Standard
14551,28,10,2376,-13,59,46,46,40,56,38,36,116,Alternative,1,44,43,0.011494253,1,0,right,Alternative
14553,34,18,2595,-10,45,68,72,55,35,59,40,56,Alternative,1,65,45,0.181818182,1,0,right,Alternative
14554,25,12,2482,-13,44,100,61,167,142,112,81,187,Standard,0,109,112,-0.012048193,0,0,right,Alternative
14555,25,12,2274,-11,53,68,112,86,83,73,108,46,Standard,0,89,88,0.003773585,1,1,right,Alternative
14556,23,10,2697,-9,56,63,74,123,105,99,87,73,Standard,0,87,97,-0.056261343,0,0,right,Alternative
14557,25,9,2773,-19,45,79,52,56,66,80,72,90,Standard,0,62,73,-0.078817734,0,0,right,Alternative
14558,37,15,2177,-8,52,58,41,53,41,58,53,41,Alternative,1,51,51,-0.003278688,0,1,left,Standard
14559,35,10,2556,-9,47,52,42,47,81,58,51,85,Standard,0,47,63,-0.145454545,0,0,left,Standard
14560,31,6,2196,-7,50,53,67,88,68,63,112,80,Standard,0,69,81,-0.077605322,0,0,left,Standard
14561,36,15,2621,-8,50,33,47,63,46,37,34,33,Alternative,1,48,39,0.1,1,0,left,Standard
14562,29,11,2559,-8,50,69,74,91,66,94,72,91,Standard,0,78,77,0.006451613,1,1,left,Standard
14563,22,11,2467,-10,46,86,85,74,98,119,87,189,Standard,0,82,101,-0.105839416,0,0,left,Standard
14564,32,9,2177,-14,55,64,52,91,80,67,120,85,Standard,0,69,89,-0.126582278,0,0,left,Standard
14565,31,7,2590,-9,48,64,73,52,97,84,84,117,Standard,0,63,88,-0.165562914,0,0,left,Standard
14569,26,11,2475,-9,58,166,77,69,69,70,88,232,Standard,0,104,76,0.155555556,1,1,left,Standard
14570,22,14,2479,-11,42,68,62,58,58,88,63,68,Standard,0,63,70,-0.055276382,0,0,left,Standard
14571,33,12,2570,-10,42,73,64,57,52,56,71,108,Alternative,1,65,60,0.037433155,1,0,left,Standard
14572,33,15,2102,-11,49,78,100,80,61,53,69,210,Standard,0,86,61,0.170068027,1,1,left,Standard
14573,32,10,2519,-15,50,79,63,52,62,50,57,128,Standard,0,65,56,0.071823204,1,1,left,Standard
15001,33,15,2705,-14,54,30,56,62,33,54,45,41,Alternative,1,49,44,0.057142857,1,0,NA,Standard
15002,25,9,2709,-14,50,57,52,46,86,84,60,112,Standard,0,52,76.66666667,-0.194805195,0,0,NA,Standard
15003,33,6,2379,-13,45,30,29,31,32,43,53,33,Standard,0,30,42.66666667,-0.174311927,0,0,NA,Standard
15004,32,9,2747,-19,54,42,46,57,60,52,50,112,Standard,0,48,54,-0.055374593,0,0,NA,Standard
15006,22,13,2590,-6,51,56,58,57,74,69,65,69,Standard,0,57,69.33333333,-0.09762533,0,0,NA,Standard
15007,34,10,2304,-17,58,172,128,79,87,93,87,166,Standard,0,126,89,0.173374613,1,1,NA,Standard
15008,34,12,2388,-19,45,52,46,57,78,68,73,128,Standard,0,52,73,-0.171122995,0,0,NA,Standard
15009,29,13,2258,-12,52,41,52,52,56,56,56,59,Alternative,1,48,56,-0.073482428,0,1,NA,Standard
15010,31,12,2717,-11,50,112,57,57,56,48,53,150,Standard,0,75,52.33333333,0.180156658,1,1,NA,Standard
15011,28,11,2245,-14,54,79,90,90,295,98,93,123,Standard,0,86,162,-0.304697987,0,0,NA,Standard
15012,29,7,2688,-7,51,68,85,68,67,93,93,108,Standard,0,74,84.33333333,-0.067510548,0,0,NA,Alternative
15014,35,8,2427,-10,52,57,68,79,78,63,57,64,Standard,0,68,66,0.014925373,1,1,NA,Alternative
15015,27,14,2358,-9,45,95,107,111,76,80,93,131,Alternative,1,104,83,0.113879003,1,0,NA,Alternative
15018,28,13,2774,-13,55,74,63,74,66,52,39,62,Alternative,1,70,52.33333333,0.14673913,1,0,NA,Alternative
15019,25,8,2131,-8,48,66,74,74,54,92,109,95,Standard,0,71,85,-0.087420043,0,0,NA,Alternative
15020,30,19,2296,-9,50,73,48,50,127,53,67,53,Standard,0,57,82.33333333,-0.181818182,0,0,NA,Alternative
15021,33,14,2571,-8,51,52,69,30,59,60,63,60,Alternative,1,50,60.66666667,-0.093093093,0,1,NA,Standard
15022,34,11,2226,-10,57,58,37,68,45,50,77,53,Standard,0,54,57.33333333,-0.026865672,0,0,NA,Standard
15023,31,13,2590,-20,47,90,107,69,110,84,34,103,Alternative,1,89,76,0.076923077,1,0,NA,Standard
15024,26,10,2809,-7,47,57,63,117,69,81,93,156,Standard,0,79,81,-0.0125,0,0,NA,Alternative
15025,34,10,2654,-11,64,62,94,79,74,98,115,119,Standard,0,78,95.66666667,-0.099616858,0,0,NA,Standard
15026,34,13,2571,-7,44,68,67,46,56,36,56,213,Alternative,1,60,49.33333333,0.100303951,1,0,NA,Standard
15027,33,11,2582,-11,56,139,122,106,76,59,65,140,Standard,0,122,66.66666667,0.294532628,1,1,NA,Standard
15028,27,9,2896,-12,55,106,62,62,119,119,126,169,Standard,0,77,121.3333333,-0.225589225,0,0,NA,Alternative
15029,25,12,2614,-12,55,68,57,57,48,63,42,73,Alternative,1,61,51,0.086567164,1,0,NA,Alternative
15030,24,14,2424,-11,48,36,64,75,45,68,59,114,Standard,0,58,57.33333333,0.008645533,1,1,NA,Alternative
15031,32,8,2607,-9,47,74,59,47,76,109,70,44,Standard,0,60,85,-0.172413793,0,0,NA,Alternative
15032,27,12,2621,-7,42,70,85,96,278,168,108,107,Standard,0,84,184.6666667,-0.376397516,0,0,NA,Alternative
15033,27,16,2040,-14,47,53,52,63,44,44,55,78,Alternative,1,56,47.66666667,0.080385852,1,0,NA,Alternative
15034,22,10,2782,-13,54,80,85,118,141,141,82,59,Alternative,1,94,121.3333333,-0.125193199,0,1,NA,Alternative
15035,27,10,2425,-15,54,74,47,63,93,51,36,48,Standard,0,61,60,0.010989011,1,1,NA,Alternative
15036,29,13,2404,-15,51,79,42,58,116,65,61,125,Alternative,1,60,80.66666667,-0.149643705,0,1,NA,Alternative
15037,37,10,2291,-15,51,75,72,106,50,86,111,84,Standard,0,84,82.33333333,0.012,1,1,NA,Alternative
15038,30,14,2643,-9,47,52,90,78,98,76,76,89,Alternative,1,73,83.33333333,-0.063829787,0,1,NA,Alternative
15039,25,17,2280,-8,52,47,53,63,71,47,41,161,Standard,0,54,53,0.01242236,1,1,NA,Alternative
15041,32,7,2514,-7,50,46,46,28,49,50,50,42,Alternative,1,40,49.66666667,-0.107806691,0,1,NA,Alternative
15042,35,14,2360,-11,57,118,150,160,131,92,103,94,Alternative,1,143,108.6666667,0.135278515,1,0,NA,Alternative
15043,31,7,2820,-16,53,165,79,67,135,144,92,134,Standard,0,104,123.6666667,-0.08797654,0,0,NA,Alternative
15044,31,6,2343,-11,55,78,57,57,108,93,93,73,Standard,0,64,98,-0.209876543,0,0,NA,Alternative
15045,35,11,2485,-7,48,95,76,57,92,70,54,117,Alternative,1,76,72,0.027027027,1,0,NA,Alternative
15046,31,15,2583,-13,48,94,51,59,24,56,43,132,Alternative,1,68,41,0.247706422,1,0,NA,Alternative
15047,27,13,2583,-11,49,66,57,45,61,93,62,65,Standard,0,56,72,-0.125,0,0,NA,Alternative
15048,30,12,2669,-9,50,74,62,46,92,65,48,107,Alternative,1,61,68.33333333,-0.059431524,0,1,NA,Alternative
15049,34,10,2501,-13,47,39,54,40,38,64,56,38,Standard,0,44,52.66666667,-0.085910653,0,0,NA,Alternative
15050,29,15,2118,-11,47,95,85,145,92,72,65,92,Alternative,1,108,76.33333333,0.173285198,1,0,NA,Alternative
15051,24,14,2753,-9,45,73,58,182,160,53,46,73,Standard,0,104,86.33333333,0.094405594,1,1,NA,Alternative
15052,32,11,2505,-10,42,182,139,106,262,191,147,275,Standard,0,142,200,-0.168451801,0,0,NA,Alternative
15053,26,12,2699,-18,46,62,51,62,77,57,52,122,Standard,0,58,62,-0.030470914,0,0,NA,Alternative
15054,31,13,2695,-6,44,139,75,113,92,116,106,171,Standard,0,109,104.6666667,0.020280811,1,1,NA,Alternative
15055,28,9,2806,-16,56,89,106,259,76,93,105,127,Standard,0,151,91.33333333,0.247252747,1,1,NA,Alternative
15056,22,8,2329,-16,48,99,57,69,131,99,63,90,Standard,0,75,97.66666667,-0.131274131,0,0,NA,Alternative
15058,34,10,2593,-14,49,58,91,59,112,110,63,172,Alternative,1,69,95,-0.156186613,0,1,NA,Alternative
15059,31,6,2812,-10,48,42,36,54,94,127,54,134,Standard,0,44,91.66666667,-0.351351351,0,0,NA,Alternative
15060,26,11,2888,-12,50,57,85,64,57,61,83,107,Standard,0,69,67,0.012285012,1,1,NA,Alternative
15061,29,11,2307,-10,62,64,72,183,45,67,44,232,Standard,0,106,52,0.343157895,1,1,NA,Alternative
15062,27,12,2416,-11,47,85,75,70,64,73,68,130,Standard,0,77,68.33333333,0.057471264,1,1,NA,Alternative
15063,29,12,2849,-15,47,185,69,52,60,54,54,80,Standard,0,102,56,0.291139241,1,1,NA,Alternative
15064,34,11,2379,-11,50,91,58,102,127,72,66,135,Alternative,1,84,88.33333333,-0.027131783,0,1,NA,Alternative
15065,32,14,2806,-10,45,127,123,106,130,118,208,126,Standard,0,119,152,-0.123152709,0,0,NA,Alternative
15066,27,14,2205,-18,46,85,52,90,89,75,75,92,Standard,0,76,79.66666667,-0.025751073,0,0,NA,Alternative
15067,31,8,2751,-14,48,67,96,62,68,122,91,96,Standard,0,75,93.66666667,-0.110671937,0,0,NA,Alternative
15068,31,9,2249,-14,48,85,57,135,47,39,70,152,Standard,0,92,52,0.279445727,1,1,NA,Alternative
15069,25,10,2623,-14,48,123,73,84,74,89,106,85,Standard,0,93,89.66666667,0.02003643,1,1,NA,Alternative
15070,30,12,2423,-9,56,100,40,39,32,32,62,167,Standard,0,60,42,0.173770492,1,1,NA,Alternative
15071,29,7,2405,-8,53,160,134,83,220,231,90,118,Standard,0,126,180.3333333,-0.178649237,0,0,NA,Alternative
15072,33,17,2423,-16,53,58,51,52,50,32,35,46,Alternative,1,54,39,0.158273381,1,0,NA,Alternative
15073,28,10,2664,-7,45,62,46,57,86,51,91,48,Alternative,1,55,76,-0.160305344,0,1,NA,Standard
15074,27,8,2592,-12,51,73,84,63,167,70,92,129,Standard,0,73,109.6666667,-0.198542805,0,0,NA,Standard
15075,29,10,2605,-6,46,89,63,62,87,93,67,218,Alternative,1,71,82.33333333,-0.071583514,0,1,NA,Standard
15076,27,15,2313,-14,50,44,57,74,49,65,73,109,Alternative,1,58,62.33333333,-0.033149171,0,1,NA,Standard
15077,27,10,2436,-6,42,68,74,63,224,87,76,80,Standard,0,68,129,-0.307432432,0,0,NA,Alternative
15078,32,16,2295,-12,57,100,63,52,50,44,47,114,Alternative,1,72,47,0.207865169,1,0,NA,Standard
15079,33,9,2663,-16,49,151,100,106,145,132,125,129,Standard,0,119,134,-0.059288538,0,0,NA,Standard
15080,25,14,2228,-9,44,68,68,73,49,84,81,147,Alternative,1,70,71.33333333,-0.011820331,0,1,NA,Standard
15081,34,10,2583,-8,47,62,47,56,81,93,61,53,Standard,0,55,78.33333333,-0.175,0,0,NA,Standard
15082,25,9,2612,-8,55,58,62,46,60,73,87,64,Standard,0,55,73.33333333,-0.139896373,0,0,NA,Alternative
15083,23,12,2277,-10,54,67,46,84,87,102,68,124,Standard,0,66,85.66666667,-0.13215859,0,0,NA,Alternative
15084,27,10,2298,-14,52,107,95,101,154,135,117,124,Standard,0,101,135.3333333,-0.145275035,0,0,NA,Alternative
15085,25,12,2664,-10,53,47,37,31,67,51,46,33,Alternative,1,38,54.66666667,-0.17562724,0,1,NA,Standard
15086,30,10,2192,-14,48,90,95,73,70,69,69,75,Standard,0,86,69.33333333,0.107296137,1,1,NA,Standard
15087,27,9,2750,-14,48,149,85,74,71,86,86,107,Standard,0,103,81,0.117967332,1,1,NA,Standard
15088,30,10,2792,-10,51,84,84,62,68,63,63,102,Standard,0,77,64.66666667,0.08490566,1,1,NA,Standard
15089,23,13,2594,-15,48,79,60,68,64,55,143,71,Alternative,1,69,87.33333333,-0.117270789,0,1,NA,Standard
15090,24,10,2886,-9,57,63,85,58,117,114,86,57,Standard,0,69,105.6666667,-0.212237094,0,0,NA,Standard
15091,33,9,2623,-15,49,95,119,84,126,99,92,113,Standard,0,99,105.6666667,-0.030894309,0,0,NA,Standard
15092,31,10,2565,-9,55,75,51,66,81,63,74,57,Alternative,1,64,72.66666667,-0.063414634,0,1,NA,Standard
15093,31,10,2565,-9,55,75,51,66,81,63,74,57,Alternative,1,64,72.66666667,-0.063414634,0,1,NA,Standard
15094,30,12,2778,-16,44,89,95,154,122,168,287,169,Standard,0,113,192.3333333,-0.261202186,0,0,NA,Standard
15095,27,13,2175,-15,50,79,85,101,151,67,69,125,Alternative,1,88,95.66666667,-0.039855073,0,1,NA,Standard
15096,31,9,2207,-15,53,151,117,128,125,139,168,195,Standard,0,132,144,-0.043478261,0,0,NA,Standard
15097,28,13,2242,-13,46,139,123,101,78,78,79,70,Standard,0,121,78.33333333,0.214046823,1,1,NA,Standard
15098,28,11,2397,-11,55,63,79,68,54,60,49,68,Alternative,1,70,54.33333333,0.126005362,1,0,NA,Standard
15099,30,6,2288,-5,53,52,85,63,73,92,83,98,Standard,0,67,82.66666667,-0.107142857,0,0,NA,Standard
15100,29,15,2662,-13,48,80,85,83,50,61,74,103,Alternative,1,83,61.66666667,0.145496536,1,0,NA,Standard
15101,30,14,2503,-11,45,101,76,73,85,77,94,129,Standard,0,83,85.33333333,-0.011857708,0,0,NA,Standard
15102,22,9,2378,-22,50,171,168,135,187,220,154,189,Standard,0,158,187,-0.084057971,0,0,NA,Standard
15103,37,7,2607,-7,54,69,69,69,94,94,96,197,Standard,0,69,94.66666667,-0.156822811,0,0,NA,Standard
15105,25,11,2298,-15,51,98,119,97,94,94,83,218,Standard,0,105,90.33333333,0.073504274,1,1,NA,Standard
15106,29,12,2282,-12,56,90,93,111,78,98,112,164,Alternative,1,98,96,0.010309278,1,0,NA,Standard
15107,24,14,2741,-9,50,35,38,38,36,37,37,106,Alternative,1,37,36.66666667,0.004524887,1,0,NA,Standard
15108,25,11,2125,-9,51,62,46,51,44,55,38,57,Standard,0,53,45.66666667,0.074324324,1,1,NA,Standard
15109,31,14,2783,-13,50,62,79,52,49,49,49,145,Standard,0,64,49,0.135294118,1,1,NA,Standard
15110,30,11,2840,-16,48,117,79,63,92,44,50,124,Standard,0,86,62,0.164044944,1,1,NA,Standard
15111,26,14,2420,-9,51,112,91,98,93,67,80,93,Alternative,1,100,80,0.112754159,1,0,NA,Standard
15112,29,12,2570,-12,54,96,81,64,78,83,68,97,Alternative,1,80,76.33333333,0.025531915,1,0,NA,Standard
15115,25,10,2609,-9,51,145,129,124,147,146,105,147,Standard,0,133,132.6666667,0,NA,NA,NA,Standard
15116,34,12,2436,-14,53,69,53,74,103,63,38,228,Standard,0,65,68,-0.02,0,0,NA,Alternative
15117,33,14,2660,-13,54,212,96,101,89,76,80,144,Alternative,1,136,81.66666667,0.250764526,1,0,NA,Alternative
15118,31,11,2791,-14,46,68,85,75,76,94,88,70,Standard,0,76,86,-0.061728395,0,0,NA,Alternative
15119,35,13,2667,-11,49,95,93,86,64,94,70,124,Standard,0,91,76,0.091633466,1,1,NA,Alternative
15120,31,7,2742,-13,45,291,118,119,110,124,76,118,Standard,0,176,103.3333333,0.260143198,1,1,NA,Alternative
15121,24,11,2585,-13,47,91,83,64,99,61,84,60,Standard,0,79,81.33333333,-0.012448133,0,0,NA,Alternative
15122,26,6,2236,-13,49,102,86,NA,134,134,NA,114,Standard,0,94,134,-0.175438596,0,0,NA,Alternative
15123,29,13,2670,-17,51,59,97,75,43,44,57,108,Alternative,1,77,48,0.232,1,0,NA,Alternative
15124,29,9,2778,-21,51,58,51,97,106,80,74,66,Standard,0,69,86.66666667,-0.115879828,0,0,NA,Alternative
15125,31,13,2588,-11,51,69,75,195,43,85,232,115,Alternative,1,113,120,-0.030042918,0,1,NA,Alternative
15126,26,13,2789,-9,44,140,85,80,104,112,93,139,Alternative,1,102,103,-0.006514658,0,1,NA,Alternative
15127,34,14,2572,-6,42,48,70,97,41,43,85,140,Standard,0,72,56.33333333,0.119791667,1,1,NA,Alternative
15128,27,12,2724,-10,51,47,58,69,38,44,49,64,Alternative,1,58,43.66666667,0.140983607,1,0,NA,Alternative
15129,26,7,2660,-14,57,134,101,75,95,188,112,207,Standard,0,103,131.6666667,-0.120567376,0,0,NA,Alternative
15130,31,11,2680,-13,49,129,70,58,94,78,89,104,Standard,0,86,87,-0.007722008,0,0,NA,Alternative
15131,32,12,2541,-14,58,46,40,41,20,17,32,37,Standard,0,42,23,0.295918367,1,1,NA,Alternative
15132,33,14,2421,-7,51,52,63,89,38,97,75,59,Alternative,1,68,70,-0.014492754,0,1,NA,Alternative
15133,29,8,2673,-14,47,95,79,84,150,107,108,108,Standard,0,86,121.6666667,-0.171749599,0,0,NA,Alternative
15134,29,8,2563,-10,63,74,100,80,85,83,70,71,Standard,0,85,79.33333333,0.032520325,1,1,NA,Alternative
15135,36,6,2643,-11,49,145,101,84,152,183,153,109,Standard,0,110,162.6666667,-0.193154034,0,0,NA,Alternative
15136,30,14,2884,-13,45,79,62,41,24,51,58,63,Alternative,1,61,44.33333333,0.155555556,1,0,NA,Alternative
15137,34,11,2299,-12,50,74,68,63,55,56,71,113,Alternative,1,68,60.66666667,0.059431524,1,0,NA,Alternative
15138,29,10,2693,-9,46,79,65,63,111,80,75,59,Alternative,1,69,88.66666667,-0.124735729,0,1,NA,Alternative
15139,35,19,2652,-7,58,63,74,69,58,58,58,80,Alternative,1,69,58,0.084210526,1,0,NA,Standard
15142,37,8,2553,-11,46,90,90,96,183,144,85,95,Standard,0,92,137.3333333,-0.197674418,0,0,NA,Alternative
15143,30,11,2198,-8,47,89,63,63,123,65,120,53,Standard,0,72,102.6666667,-0.177820268,0,0,NA,Alternative
15144,29,14,2604,-13,46,80,84,101,76,67,58,75,Alternative,1,88,67,0.137339056,1,0,NA,Alternative
15145,28,8,2576,-8,46,62,90,149,101,99,112,60,Standard,0,100,104,-0.017944535,0,0,NA,Alternative
15146,36,9,2391,-10,44,40,42,36,39,53,83,168,Standard,0,39,58.33333333,-0.194539249,0,0,NA,Standard
15147,34,16,2620,-17,55,101,71,46,48,58,60,163,Alternative,1,73,55.33333333,0.135416667,1,0,NA,Standard
15148,23,8,2570,-7,50,29,35,38,66,47,67,68,Standard,0,34,60,-0.276595745,0,0,NA,Standard
15149,31,14,2609,-16,48,114,36,101,51,71,67,79,Alternative,1,84,63,0.140909091,1,0,NA,Standard
15150,24,12,2325,-9,47,60,63,85,63,48,113,100,Standard,0,69,74.66666667,-0.037037037,0,0,NA,Standard
15151,29,10,2620,-13,54,68,47,46,50,69,81,79,Standard,0,54,66.66666667,-0.108033241,0,0,NA,Standard
15153,26,9,2896,-19,48,24,42,41,32,47,54,248,Standard,0,36,44.33333333,-0.108333333,0,0,NA,Standard
15154,32,12,2500,-16,46,106,183,96,157,290,62,173,Alternative,1,128,169.6666667,-0.138702461,0,1,NA,Standard
15155,26,9,2571,-12,47,90,79,47,100,65,65,74,Standard,0,72,76.66666667,-0.031390135,0,0,NA,Standard
15156,25,12,2190,-17,51,146,106,96,156,105,106,167,Standard,0,116,122.3333333,-0.026573426,0,0,NA,Alternative
15159,32,13,2612,-14,44,37,42,48,32,61,57,170,Alternative,1,42,50,-0.083032491,0,1,NA,Alternative
15160,33,11,2595,-6,49,70,69,112,67,73,89,105,Alternative,1,84,76.33333333,0.045833333,1,0,NA,Alternative
15161,33,16,2618,-11,52,48,37,80,38,35,56,78,Alternative,1,55,43,0.12244898,1,0,NA,Alternative
15162,25,9,2530,-15,49,112,90,122,91,119,200,215,Standard,0,108,136.6666667,-0.117166213,0,0,NA,Standard
15163,27,14,2594,-6,46,85,220,52,192,114,50,155,Standard,0,119,118.6666667,0.001402524,1,1,NA,Alternative
15164,35,14,2711,-11,48,128,110,128,97,70,68,101,Alternative,1,122,78.33333333,0.21797005,1,0,NA,Alternative
15165,32,14,2847,-9,50,63,40,46,54,41,37,144,Alternative,1,50,44,0.060498221,1,0,NA,Alternative
15166,33,18,2860,-15,55,100,73,85,106,39,49,39,Alternative,1,86,64.66666667,0.14159292,1,0,NA,Alternative
15167,32,12,2538,-10,46,73,68,61,86,63,92,177,Standard,0,67,80.33333333,-0.088036117,0,0,NA,Alternative
15168,33,8,2802,-18,47,51,84,52,114,77,77,81,Standard,0,62,89.33333333,-0.178021978,0,0,NA,Alternative
15169,29,15,2218,-13,50,172,52,40,66,38,46,81,Alternative,1,88,50,0.275362319,1,0,NA,Alternative
15170,28,11,2695,-16,51,62,84,79,93,65,65,81,Standard,0,75,74.33333333,0.004464286,1,1,NA,Standard
15171,36,11,2585,-9,44,139,73,86,65,43,88,129,Standard,0,99,65.33333333,0.206477733,1,1,NA,Standard
15172,35,15,2719,-18,45,89,95,90,60,61,56,65,Alternative,1,91,59,0.215077605,1,0,NA,Standard
15173,28,11,2687,-13,50,112,134,123,95,103,109,120,Standard,0,123,102.3333333,0.091715976,1,1,NA,Standard
15174,30,13,2868,-6,56,117,79,49,91,65,92,291,Alternative,1,82,82.66666667,-0.006085193,0,1,NA,Standard
15175,35,12,2576,-10,55,51,29,41,43,42,27,123,Standard,0,40,37.33333333,0.038626609,1,1,NA,Standard
